Metric,Value
Accuracy,0.9954648526077098
Precision,1.0
Recall,0.971830985915493
F1 Score,0.9857142857142858
ROC-AUC,0.9982441948991245
